{
  "experiment": 4,
  "config": {
    "name": "Extended Training (5 epochs)",
    "learning_rate": 0.0002,
    "batch_size": 2,
    "gradient_accumulation_steps": 8,
    "epochs": 5,
    "lora_rank": 64,
    "lora_alpha": 128,
    "lora_dropout": 0.05,
    "warmup_steps": 150,
    "weight_decay": 0.01,
    "lr_scheduler": "cosine"
  },
  "training_time_minutes": 32.309145243962604,
  "final_loss": 0.4934476769765218,
  "metrics": {
    "bleu": 0.19241846890028674,
    "rouge1": 0.2996417657007895,
    "rouge2": 0.18889485113016866,
    "rougeL": 0.24026034781310407,
    "token_accuracy": 0.548704200178731,
    "f1_score": 0.29335913503745514,
    "exact_match_accuracy": 0.0,
    "perplexity": 3.8828351497650146,
    "avg_response_length": 85.78
  },
  "timestamp": "2026-02-16T15:21:35.477002"
}